{
    "monday": [
        [
            "00:00"
        ]
    ],
    "tuesday": [
        [
            "00:00"
        ]
    ],
    "wednesday": [
        [
            "00:00"
        ]
    ],
    "thursday": [
        [
            "00:00"
        ],
        "Sia_-_Snowman_Official_Video"
    ],
    "friday": [
        [
            "03:15"
        ],
        "Sia_-_Snowman_Official_Video",
        "Sia_-_Snowman_Official_Video"
    ],
    "saturday": [
        [
            "00:00"
        ],
        "Sia_-_Snowman_Official_Video"
    ],
    "sunday": [
        [
            "00:30"
        ]
    ]
}